category,model,space,size
text-classification,cardiffnlp/twitter-roberta-base-sentiment-latest,tinkoff-ai/caif,28.2
text-classification,cardiffnlp/twitter-roberta-base-sentiment-latest,Margaret/mazzuma-sentiment-engine,2.0
text-classification,cardiffnlp/twitter-roberta-base-sentiment-latest,ThankGod/text-classification,3.9
text-classification,cardiffnlp/twitter-roberta-base-sentiment-latest,jmparejaz/Audio_to_text_classification,9.8
text-classification,cardiffnlp/twitter-roberta-base-sentiment-latest,zama-fhe/encrypted_sentiment_analysis,2001.8
text-classification,cardiffnlp/twitter-roberta-base-sentiment-latest,rizam/rakeeb_tweet_sentiment,1.8
text-classification,cardiffnlp/twitter-roberta-base-sentiment-latest,rizam/rakeeb_text-classification,3.9
text-classification,cardiffnlp/twitter-roberta-base-sentiment-latest,bradarrML/encrypted_sentiment_analysis,8336.1
text-classification,cardiffnlp/twitter-roberta-base-sentiment-latest,mattaylor/embedding,2.8
text-classification,cardiffnlp/twitter-roberta-base-sentiment-latest,FrancescoBerg/cardiffnlp-twitter-roberta-base-sentiment-latest,1.8
text-classification,cardiffnlp/twitter-roberta-base-sentiment-latest,dajayk12/cardiffnlp-twitter-roberta-base-sentiment-latest,1.8
text-classification,cardiffnlp/twitter-roberta-base-sentiment-latest,dvilasuero/gradio-argilla-logger,2.9
text-classification,cardiffnlp/twitter-roberta-base-sentiment-latest,Daniton/cardiffnlp-twitter-roberta-base-sentiment-latest,1.8
text-classification,cardiffnlp/twitter-roberta-base-sentiment-latest,Daniton/cardiffnlp-twitter-roberta-base-sentiment-latestd,1.9
text-classification,cardiffnlp/twitter-roberta-base-sentiment-latest,Daniton/cardiffnlp-twitter-roberta-base-sentidment-latestd,1.9
text-classification,cardiffnlp/twitter-roberta-base-sentiment-latest,Daniton/cardiffnlp-twitter-roberta-based-sentidment-latestd,1.9
text-classification,cardiffnlp/twitter-roberta-base-sentiment-latest,Daniton/cardiffnlp-twitter-robertam-based-sentidment-latestd,1.9
text-classification,cardiffnlp/twitter-roberta-base-sentiment-latest,Daniton/cardiffnlp-twitter-robertam-based-sentiddment-latestd,1.9
text-classification,cardiffnlp/twitter-roberta-base-sentiment-latest,Daniton/cardiffnlp-twitter-drobertam-based-sentiddment-latestd,1.9
text-classification,cardiffnlp/twitter-roberta-base-sentiment-latest,Daniton/cardiffnlp-twitter-drobertam-basedd-sentiddment-latestd,1.9
text-classification,cardiffnlp/twitter-roberta-base-sentiment-latest,lsacy/menduChat,10373.7
text-classification,cardiffnlp/twitter-roberta-base-sentiment-latest,quni/cardiffnlp-twitter-roberta-base-sentiment-latest,1.9
text-classification,cardiffnlp/twitter-roberta-base-sentiment-latest,cscan/Audio_to_text_classification,9.9
text-classification,cardiffnlp/twitter-roberta-base-sentiment-latest,pranjal065/process_fest,8.1
text-classification,cardiffnlp/twitter-roberta-base-sentiment-latest,JulianHame/sentiment-analysis-app,2.7
text-classification,cardiffnlp/twitter-roberta-base-sentiment-latest,Pruthul/CS482-104-Milestone2,3.3
text-classification,cardiffnlp/twitter-roberta-base-sentiment-latest,alpha-hp/twitter-s,2.0
text-classification,cardiffnlp/twitter-roberta-base-sentiment-latest,alpha-hp/cardiffnlp-twitter-roberta-base-sentiment-latest,1.8
text-classification,cardiffnlp/twitter-roberta-base-sentiment-latest,metaknightccc/sentiment-analysis-app,1418586.1
text-classification,cardiffnlp/twitter-roberta-base-sentiment-latest,poiiii/clefourrier-graphormer-base-pcqm4mv1,2.1
text-classification,cardiffnlp/twitter-roberta-base-sentiment-latest,JKJanosko/Toxicity-Analysis,481347.8
text-classification,cardiffnlp/twitter-roberta-base-sentiment-latest,kya5/CS482-Milestone2,2.7
text-classification,cardiffnlp/twitter-roberta-base-sentiment-latest,bobrooos/cardiffnlp-twitter-roberta-base-sentiment-latest,1.8
text-classification,cardiffnlp/twitter-roberta-base-sentiment-latest,zox47/cardiffnlp-twitter-roberta-base-sentiment-latest,1.8
text-classification,cardiffnlp/twitter-roberta-base-sentiment-latest,MikeJeong/CS482-FineTune,5.7
text-classification,cardiffnlp/twitter-roberta-base-sentiment-latest,MikeJeong/CSProject,3.4
text-classification,cardiffnlp/twitter-roberta-base-sentiment-latest,MikeJeong/apppp,3.3
text-classification,cardiffnlp/twitter-roberta-base-sentiment-latest,KunaalNaik/SentmentAnalysis_HF1,2.8
text-classification,cardiffnlp/twitter-roberta-base-sentiment-latest,Mahipal/nlp_dashboard,17.6
text-classification,cardiffnlp/twitter-roberta-base-sentiment-latest,prlabs2023/text-sentiment-1,68.5
text-classification,cardiffnlp/twitter-roberta-base-sentiment-latest,Dranities/chatbots,10591.1
text-classification,cardiffnlp/twitter-roberta-base-sentiment-latest,834188divi/cardiffnlp-twitter-roberta-base-sentiment-latest,1.9
text-classification,cardiffnlp/twitter-roberta-base-sentiment-latest,TestSpace/cardiffnlp-twitter-roberta-base-sentiment-latest,1.9
text-classification,cardiffnlp/twitter-roberta-base-sentiment-latest,TestSpace/cardiffnlp-twitter-roberta-base-sentiment-latest-gradio,1.9
text-classification,cardiffnlp/twitter-roberta-base-sentiment-latest,AIConsultant/sentiment-analysis-system,8.9
text-classification,cardiffnlp/twitter-roberta-base-sentiment-latest,dilums/twitter-sentiment,333.6
text-classification,cardiffnlp/twitter-roberta-base-sentiment-latest,salmanmoh/cardiffnlp-twitter-roberta-base-sentiment-latest,1.9
text-classification,cardiffnlp/twitter-roberta-base-sentiment-latest,10isha/cardiffnlp-twitter-roberta-base-sentiment-latest,1.9
text-classification,cardiffnlp/twitter-roberta-base-sentiment-latest,PradeepKumar11519/1stspace,1.9
text-classification,cardiffnlp/twitter-roberta-base-sentiment-latest,saipranaydeep/demo,1.9
text-classification,cardiffnlp/twitter-roberta-base-sentiment-latest,miscjose/Data-Annotation-Tool,9.4
text-classification,cardiffnlp/twitter-roberta-base-sentiment-latest,sotirios-slv/cardiffnlp-twitter-roberta-base-sentiment-latest,1.9
text-classification,cardiffnlp/twitter-roberta-base-sentiment-latest,dai152/1,2.0
text-classification,cardiffnlp/twitter-roberta-base-sentiment-latest,Fatima33/cardiffnlp-twitter-roberta-base-sentiment-latest,1.9
text-classification,cardiffnlp/twitter-roberta-base-sentiment-latest,springchill/cardiffnlp-sentiment,1.9
text-classification,cardiffnlp/twitter-roberta-base-sentiment-latest,data2science/cardiffnlp-twitter-roberta-base-sentiment-latest,1.9
text-classification,cardiffnlp/twitter-roberta-base-sentiment-latest,wsaults/cardiffnlp-twitter-roberta-base-sentiment-latest,1.9
text-classification,cardiffnlp/twitter-roberta-base-sentiment-latest,umair894/hamri-sumerization-wali-app,2.3
text-classification,cardiffnlp/twitter-roberta-base-sentiment-latest,dx1/cardiffnlp-twitter-roberta-base-sentiment-latest,1.9
text-classification,cardiffnlp/twitter-roberta-base-sentiment-latest,nyangasi/Twitter_Sentiment_Analysis_App,3.7
text-classification,cardiffnlp/twitter-roberta-base-sentiment-latest,farooq-09/cardiffnlp-twitter-roberta-base-sentiment-latest,1.9
text-classification,cardiffnlp/twitter-roberta-base-sentiment-latest,subhannadeem1/Audio_to_text_classification,5.3
text-classification,cardiffnlp/twitter-roberta-base-sentiment-latest,ZeroCommand/test-giskard-bot,106.4
text-classification,cardiffnlp/twitter-roberta-base-sentiment-latest,HimanshuA/Space,2.1
text-classification,cardiffnlp/twitter-roberta-base-sentiment-latest,as27/sentiment-analysis-fhe,71.2
text-classification,cardiffnlp/twitter-roberta-base-sentiment-latest,Krittaprot/YT-comments-analyzer-demo,15.6
text-classification,cardiffnlp/twitter-roberta-base-sentiment-latest,NarayanaMayya/web-creations-for-ai-models.streamlit.app3,1373644.8
text-classification,cardiffnlp/twitter-roberta-base-sentiment-latest,ZeroCommand/test-giskard-bot-new,51.5
text-classification,cardiffnlp/twitter-roberta-base-sentiment-latest,F00KEN/e-motion,46.1
text-classification,cardiffnlp/twitter-roberta-base-sentiment-latest,kenlomax/hackaithonklxa,2.5
text-classification,smilegate-ai/kor_unsmile,ljh838/ace,0.9
text-classification,smilegate-ai/kor_unsmile,h2oai/h2ogpt-chatbot,1115.4
text-classification,smilegate-ai/kor_unsmile,h2oai/h2ogpt-chatbot2,1114.6
text-classification,smilegate-ai/kor_unsmile,elitecode/h2ogpt-chatbot2,490.6
text-classification,smilegate-ai/kor_unsmile,akashkj/H2OGPT,3354384.5
text-classification,smilegate-ai/kor_unsmile,ariel0330/h2osiri,7531343.5
text-classification,smilegate-ai/kor_unsmile,ccoreilly/aigua-xat,686.2
text-classification,smilegate-ai/kor_unsmile,AnonymousSub/Ayurveda_Chatbot,837.4
text-classification,smilegate-ai/kor_unsmile,kelvin-t-lu/chatbot,20791.7
text-classification,smilegate-ai/kor_unsmile,his0/h2ogpt-chatbot,1115.4
text-classification,smilegate-ai/kor_unsmile,atimughal662/InfoFusion,1365.4
text-classification,smilegate-ai/kor_unsmile,Sambhavnoobcoder/h2ogpt-chatbot,1115.4
text-classification,cardiffnlp/twitter-roberta-base-irony,Eberhenriquez/cardiffnlp-twitter-roberta-base-irony,1.9
text-classification,cardiffnlp/twitter-roberta-base-irony,interestedperson/cardiffnlp-twitter-roberta-base-irony,1.9
text-classification,lxyuan/distilbert-base-multilingual-cased-sentiments-student,jingwora/language-emotion-classification-sentiment-ja,4.3
text-classification,lxyuan/distilbert-base-multilingual-cased-sentiments-student,storresbusquets/demo1,6779.7
text-classification,lxyuan/distilbert-base-multilingual-cased-sentiments-student,miscjose/Data-Annotation-Tool,9.4
text-classification,lxyuan/distilbert-base-multilingual-cased-sentiments-student,storresbusquets/llm-demo1,1022.0
text-classification,lxyuan/distilbert-base-multilingual-cased-sentiments-student,AndresAlejandro/demo1,6780.0
text-classification,lxyuan/distilbert-base-multilingual-cased-sentiments-student,AndresAlejandro/llm-demo1-finalfinal,25.1
text-classification,lxyuan/distilbert-base-multilingual-cased-sentiments-student,storresbusquets/tfm-media-insights,1024.1
text-classification,lxyuan/distilbert-base-multilingual-cased-sentiments-student,alexvaroz/sentiment_analysis_pt,2.3
text-classification,lxyuan/distilbert-base-multilingual-cased-sentiments-student,DanyaalMajid/NLP-Q2,5.5
text-classification,lxyuan/distilbert-base-multilingual-cased-sentiments-student,syedabdullah32/sentiments-student,1.9
text-classification,lxyuan/distilbert-base-multilingual-cased-sentiments-student,mmerlange/test1,3.5
text-classification,lxyuan/distilbert-base-multilingual-cased-sentiments-student,xclasscode/sentiment_analyzer,6.8
text-classification,lxyuan/distilbert-base-multilingual-cased-sentiments-student,GaboDataScientist/gradio-sentiment-analyzer,2.3
text-classification,distilbert-base-uncased-finetuned-sst-2-english,Endre/SemanticSearch-HU,1053774.4
text-classification,distilbert-base-uncased-finetuned-sst-2-english,chinhon/Speech_Sentiment_Analysis,5.0
text-classification,distilbert-base-uncased-finetuned-sst-2-english,chinhon/sentiment_structure_visualiser,5.8
text-classification,distilbert-base-uncased-finetuned-sst-2-english,justheuristic/ysda-demo,2.6
text-classification,distilbert-base-uncased-finetuned-sst-2-english,ANDRYHA/FakeNewsClassifier,274518.2
text-classification,distilbert-base-uncased-finetuned-sst-2-english,nazneen/interactive-model-cards,27785.0
text-classification,distilbert-base-uncased-finetuned-sst-2-english,ayse/sentiment-classifier,3.3
text-classification,distilbert-base-uncased-finetuned-sst-2-english,abidlabs/call-sentiment-blocks-2,3374.6
text-classification,distilbert-base-uncased-finetuned-sst-2-english,nazneen/error-analysis,374568.9
text-classification,distilbert-base-uncased-finetuned-sst-2-english,autoevaluate/error-analysis,374568.1
text-classification,distilbert-base-uncased-finetuned-sst-2-english,butterswords/nlc-explorer,3332.1
text-classification,distilbert-base-uncased-finetuned-sst-2-english,tinkoff-ai/caif,28.2
text-classification,distilbert-base-uncased-finetuned-sst-2-english,husnu/ASR_to_QA,57.3
text-classification,distilbert-base-uncased-finetuned-sst-2-english,ombhagwat24/senti,2.1
text-classification,distilbert-base-uncased-finetuned-sst-2-english,greco/survey_analytics_spaces,91098.2
text-classification,distilbert-base-uncased-finetuned-sst-2-english,Saurav21/Sentiment-Analysis,2.2
text-classification,distilbert-base-uncased-finetuned-sst-2-english,EnzoBustos/IC-2022-Classificacao-de-Dados-Financeiros,653033.8
text-classification,distilbert-base-uncased-finetuned-sst-2-english,rajistics/interpet_transformers,56.9
text-classification,distilbert-base-uncased-finetuned-sst-2-english,nazneen/seal,555935.7
text-classification,distilbert-base-uncased-finetuned-sst-2-english,CK42/sentiment-model-comparison,5.0
text-classification,distilbert-base-uncased-finetuned-sst-2-english,ccolas/TastyPiano,732949.2
text-classification,distilbert-base-uncased-finetuned-sst-2-english,codesue/dystopedia,16.3
text-classification,distilbert-base-uncased-finetuned-sst-2-english,anonymous8/Rapid-Textual-Adversarial-Defense,2602347.4
text-classification,distilbert-base-uncased-finetuned-sst-2-english,pattawat/stat_ds__02,2.1
text-classification,distilbert-base-uncased-finetuned-sst-2-english,Jindong/test123,10.2
text-classification,distilbert-base-uncased-finetuned-sst-2-english,fxmarty/bettertransformer-demo,111.2
text-classification,distilbert-base-uncased-finetuned-sst-2-english,TangibleAI/mathtext,64.8
text-classification,distilbert-base-uncased-finetuned-sst-2-english,Booguy/linguask,5653.5
text-classification,distilbert-base-uncased-finetuned-sst-2-english,fabiochiu/sentiment-analysis-demo,5.2
text-classification,distilbert-base-uncased-finetuned-sst-2-english,mattaylor/embedding,2.8
text-classification,distilbert-base-uncased-finetuned-sst-2-english,ucd-fs/sentiment-analysis,2.5
text-classification,distilbert-base-uncased-finetuned-sst-2-english,madani/space1,2.0
text-classification,distilbert-base-uncased-finetuned-sst-2-english,madani/streamlit1,2.3
text-classification,distilbert-base-uncased-finetuned-sst-2-english,pngwn/sentiment-analysis-demo,5.2
text-classification,distilbert-base-uncased-finetuned-sst-2-english,Rimi98/ReviewClassifier,68917.8
text-classification,distilbert-base-uncased-finetuned-sst-2-english,society-ethics/model-card-regulatory-check,309.9
text-classification,distilbert-base-uncased-finetuned-sst-2-english,awacke1/TorchMLTrainerStreamlit,4.6
text-classification,distilbert-base-uncased-finetuned-sst-2-english,kelvinleong/Kt_Demo_Text-Classification,2.4
text-classification,distilbert-base-uncased-finetuned-sst-2-english,kelvinleong/Kt-Demo-Text_classifier,2.4
text-classification,distilbert-base-uncased-finetuned-sst-2-english,abrar-adnan/speech-analyzer,185867.4
text-classification,distilbert-base-uncased-finetuned-sst-2-english,echarlaix/openvino-export,44.2
text-classification,distilbert-base-uncased-finetuned-sst-2-english,kyleledbetter/responsibleGPT,21.5
text-classification,distilbert-base-uncased-finetuned-sst-2-english,ac8736/sentiment-analysis-app,94.9
text-classification,distilbert-base-uncased-finetuned-sst-2-english,JulianHame/sentiment-analysis-app,2.7
text-classification,distilbert-base-uncased-finetuned-sst-2-english,cfsandu/OnLineSentimentAnalysis,3.1
text-classification,distilbert-base-uncased-finetuned-sst-2-english,mariasandu/sentiment-analysis-of-a-tweet,74.5
text-classification,distilbert-base-uncased-finetuned-sst-2-english,sergey-hovhannisyan/toxic-tweets,56182.8
text-classification,distilbert-base-uncased-finetuned-sst-2-english,kingsotn/tt-ai,116.6
text-classification,distilbert-base-uncased-finetuned-sst-2-english,sihanasaku/SentimentAnalysisApp,1.3
text-classification,distilbert-base-uncased-finetuned-sst-2-english,Olivernyu/sentiment_analysis_app,9.2
text-classification,distilbert-base-uncased-finetuned-sst-2-english,sachiniyer/toxic-tweets,12.3
text-classification,distilbert-base-uncased-finetuned-sst-2-english,miknad2319/CS485-Milestone-2,26.3
text-classification,distilbert-base-uncased-finetuned-sst-2-english,Soruki/Sentiment-analyzer,2.1
text-classification,distilbert-base-uncased-finetuned-sst-2-english,Keshavp08/sentiment-analysis-app,3.2
text-classification,distilbert-base-uncased-finetuned-sst-2-english,microsoft/HuggingGPT,0.0
text-classification,distilbert-base-uncased-finetuned-sst-2-english,Jainesh212/Sentiment_Ana,0.0
text-classification,distilbert-base-uncased-finetuned-sst-2-english,andyqin18/sentiment-analysis-app,0.0
text-classification,distilbert-base-uncased-finetuned-sst-2-english,keaneu/HuggingGPT,0.0
text-classification,distilbert-base-uncased-finetuned-sst-2-english,aim9061/sentiment-analysis,262.4
text-classification,distilbert-base-uncased-finetuned-sst-2-english,viscosity/HuggingGPT,3395.1
text-classification,distilbert-base-uncased-finetuned-sst-2-english,Michael54546/milestone2,1.4
text-classification,distilbert-base-uncased-finetuned-sst-2-english,Hrithikka/sentiment-analysis,2.8
text-classification,distilbert-base-uncased-finetuned-sst-2-english,davidchiii/toxic-tweets,145449.8
text-classification,distilbert-base-uncased-finetuned-sst-2-english,slachitoff/CS-GY_6613_Project,3.8
text-classification,distilbert-base-uncased-finetuned-sst-2-english,Kev07/Toxic-Tweets,89.4
text-classification,distilbert-base-uncased-finetuned-sst-2-english,dk3156/sentiment_analysis_app,14.4
text-classification,distilbert-base-uncased-finetuned-sst-2-english,Mcdof/HuggingGPT,3395.5
text-classification,distilbert-base-uncased-finetuned-sst-2-english,VarshithaCh/sentiment-analysis-app,2.6
text-classification,distilbert-base-uncased-finetuned-sst-2-english,rd448/sentiment-analysis-streamlit,355.2
text-classification,distilbert-base-uncased-finetuned-sst-2-english,BMukhtar/BMA,3399.3
text-classification,distilbert-base-uncased-finetuned-sst-2-english,chrisW6825/HuggingGPT,3396.8
text-classification,distilbert-base-uncased-finetuned-sst-2-english,Shenziqian/HuggingGPT,3396.8
text-classification,distilbert-base-uncased-finetuned-sst-2-english,lokutus/HuggingGPT,3396.8
text-classification,distilbert-base-uncased-finetuned-sst-2-english,ccarr0807/HuggingGPT,3396.8
text-classification,distilbert-base-uncased-finetuned-sst-2-english,mimiqiao/HuggingGPT,3396.8
text-classification,distilbert-base-uncased-finetuned-sst-2-english,arpachat/sentiment-analysis,3.8
text-classification,distilbert-base-uncased-finetuned-sst-2-english,tsgbalakarthik/HuggingGPT,3396.8
text-classification,distilbert-base-uncased-finetuned-sst-2-english,Rathgeberj/CS-UY4613Project,3147.6
text-classification,distilbert-base-uncased-finetuned-sst-2-english,emmaenglish/sentiment-analysis-of-text-app,94.2
text-classification,distilbert-base-uncased-finetuned-sst-2-english,wowochkin/HuggingGPT,3396.8
text-classification,distilbert-base-uncased-finetuned-sst-2-english,Msp/HuggingGPT,3396.8
text-classification,distilbert-base-uncased-finetuned-sst-2-english,notbhu/toxic-tweets,460.3
text-classification,distilbert-base-uncased-finetuned-sst-2-english,v-nemala/sentiment-analysis,275824.7
text-classification,distilbert-base-uncased-finetuned-sst-2-english,CodyJiang/text-sentiment-analysis-app,1.9
text-classification,distilbert-base-uncased-finetuned-sst-2-english,oscarvel821/sentiment-analysis-app,29.2
text-classification,distilbert-base-uncased-finetuned-sst-2-english,mohdAkibUddin/sentiment-analysis-application,181.7
text-classification,distilbert-base-uncased-finetuned-sst-2-english,dbleek/cs-gy-6613-project,171.7
text-classification,distilbert-base-uncased-finetuned-sst-2-english,jlaf01/sentiment-analysis-app,21.3
text-classification,distilbert-base-uncased-finetuned-sst-2-english,RobCaamano/Finetuning_Language_Models-Toxic_Tweets,8.5
text-classification,distilbert-base-uncased-finetuned-sst-2-english,Ptato/Sentiment-Analysis,61881.1
text-classification,distilbert-base-uncased-finetuned-sst-2-english,metaknightccc/sentiment-analysis-app,1418586.1
text-classification,distilbert-base-uncased-finetuned-sst-2-english,Rafarod513/sentiment-analysis-cs482,1.9
text-classification,distilbert-base-uncased-finetuned-sst-2-english,medelharchaoui/sent_app,2.5
text-classification,distilbert-base-uncased-finetuned-sst-2-english,ryan12439/HuggingGPTpub,3396.8
text-classification,distilbert-base-uncased-finetuned-sst-2-english,FANCHIYU/HuggingGPT,3396.8
text-classification,distilbert-base-uncased-finetuned-sst-2-english,Betacuckgpt/HuggingGPT,3396.8
text-classification,distilbert-base-uncased-finetuned-sst-2-english,cashqin/HuggingGPT,3396.8
text-classification,distilbert-base-uncased-finetuned-sst-2-english,felixfriday/MICROSOFTT_JARVIS_HuggingGPT,3396.8
text-classification,distilbert-base-uncased-finetuned-sst-2-english,Meffordh/HuggingGPT,3396.8
text-classification,distilbert-base-uncased-finetuned-sst-2-english,lzqfree/HuggingGPT,3397.7
text-classification,distilbert-base-uncased-finetuned-sst-2-english,bountyfuljr/HuggingGPTplaypublic,3397.9
text-classification,distilbert-base-uncased-finetuned-sst-2-english,mearjunsha/HuggingGPT,3398.1
text-classification,distilbert-base-uncased-finetuned-sst-2-english,AiPalsDev/Translate_It,4.5
text-classification,distilbert-base-uncased-finetuned-sst-2-english,turbowed/HuggingGPT,3398.1
text-classification,distilbert-base-uncased-finetuned-sst-2-english,Chokyounghoon/HuggingGPT,3398.1
text-classification,distilbert-base-uncased-finetuned-sst-2-english,lollo21/Will-GPT,3398.1
text-classification,distilbert-base-uncased-finetuned-sst-2-english,Pfs2021Funny/HuggingGPT,3398.1
text-classification,distilbert-base-uncased-finetuned-sst-2-english,irritablebro/HuggingGPT,3398.1
text-classification,distilbert-base-uncased-finetuned-sst-2-english,julianna-fil/EmotionApp,20274.8
text-classification,distilbert-base-uncased-finetuned-sst-2-english,MagKoz/HuggingGPT,3398.1
text-classification,distilbert-base-uncased-finetuned-sst-2-english,zhangdream/HuggingGPT,3398.1
text-classification,distilbert-base-uncased-finetuned-sst-2-english,sepo96/sentiment_analysis,4.7
text-classification,distilbert-base-uncased-finetuned-sst-2-english,gefedya/YSDA_transfprmers_nlp_ops,1489028.2
text-classification,distilbert-base-uncased-finetuned-sst-2-english,calliber/HuggingGPT,3398.0
text-classification,distilbert-base-uncased-finetuned-sst-2-english,theholycityweb/HuggingGPT,3398.0
text-classification,distilbert-base-uncased-finetuned-sst-2-english,Pitak/HuggingGPT,3398.0
text-classification,distilbert-base-uncased-finetuned-sst-2-english,gaocegege/HuggingGPT,3398.0
text-classification,distilbert-base-uncased-finetuned-sst-2-english,apgarmd/jarvis,3398.2
text-classification,distilbert-base-uncased-finetuned-sst-2-english,apgarmd/jarvis2,3398.0
text-classification,distilbert-base-uncased-finetuned-sst-2-english,mukulnag/HuggingGPT1,3398.3
text-classification,distilbert-base-uncased-finetuned-sst-2-english,lugifudun/HuggingGPT,3398.3
text-classification,distilbert-base-uncased-finetuned-sst-2-english,leadmaister/HuggingGPT,3398.5
text-classification,distilbert-base-uncased-finetuned-sst-2-english,pors/HuggingGPT,3398.3
text-classification,distilbert-base-uncased-finetuned-sst-2-english,vs4vijay/HuggingGPT,3398.3
text-classification,distilbert-base-uncased-finetuned-sst-2-english,AhmedFaisal/milestone-3,143837.8
text-classification,distilbert-base-uncased-finetuned-sst-2-english,mariasandu/detecting-toxic-tweets,74.8
text-classification,distilbert-base-uncased-finetuned-sst-2-english,mariasandu/toxic-comment-app,74.8
text-classification,distilbert-base-uncased-finetuned-sst-2-english,mckeeboards/HuggingGPT,3398.3
text-classification,distilbert-base-uncased-finetuned-sst-2-english,Mcdimmy/testing,2.2
text-classification,distilbert-base-uncased-finetuned-sst-2-english,JKJanosko/Toxicity-Analysis,481347.8
text-classification,distilbert-base-uncased-finetuned-sst-2-english,v-nemala/toxic-comment-classification,1392.3
text-classification,distilbert-base-uncased-finetuned-sst-2-english,cdb24/Milestone3,132304.1
text-classification,distilbert-base-uncased-finetuned-sst-2-english,CodyJiang/Finetuning-Sentiment-Analysis-App,2169450.8
text-classification,distilbert-base-uncased-finetuned-sst-2-english,mastere00/JarvisMeetsProfessor,3398.3
text-classification,distilbert-base-uncased-finetuned-sst-2-english,passthebutter/HuggingGPT,3398.3
text-classification,distilbert-base-uncased-finetuned-sst-2-english,manu1435/HuggingGPT,3398.3
text-classification,distilbert-base-uncased-finetuned-sst-2-english,trhacknon/HuggingGPT,3398.3
text-classification,distilbert-base-uncased-finetuned-sst-2-english,taesiri/HuggingGPT-Lite,4270.4
text-classification,distilbert-base-uncased-finetuned-sst-2-english,Sohaibahmad/AIdetector,2.6
text-classification,distilbert-base-uncased-finetuned-sst-2-english,NaamanSaif/HuggingGPT,3398.3
text-classification,distilbert-base-uncased-finetuned-sst-2-english,VarshithaCh/patentability,274677.1
text-classification,distilbert-base-uncased-finetuned-sst-2-english,dbleek/cs-gy-6613-project-final,859210.9
text-classification,distilbert-base-uncased-finetuned-sst-2-english,Uvini/Hotel-Reviews,1743.8
text-classification,distilbert-base-uncased-finetuned-sst-2-english,CollaalloC/HuggingGPT,3398.3
text-classification,distilbert-base-uncased-finetuned-sst-2-english,dwolfe66/HuggingGPT,3398.3
text-classification,distilbert-base-uncased-finetuned-sst-2-english,xian-sheng/HuggingGPT,3398.3
text-classification,distilbert-base-uncased-finetuned-sst-2-english,Aygtljl518866/HuggingGPT,3398.3
text-classification,distilbert-base-uncased-finetuned-sst-2-english,Hemi1403/HuggingGPT,3398.3
text-classification,distilbert-base-uncased-finetuned-sst-2-english,Vito99/HuggingGPT-Lite,4270.5
text-classification,distilbert-base-uncased-finetuned-sst-2-english,EinfachOlder/HuggingGPT-Lite,4270.5
text-classification,distilbert-base-uncased-finetuned-sst-2-english,Alfasign/HuggingGPT-Lite,4270.4
text-classification,distilbert-base-uncased-finetuned-sst-2-english,aus10powell/test,3146136.9
text-classification,distilbert-base-uncased-finetuned-sst-2-english,glrh11/distilbert-base-uncased-finetuned-sst-2-english,2.2
text-classification,distilbert-base-uncased-finetuned-sst-2-english,sumitdas1984/gradio-sentiment-analyzer,2.2
text-classification,distilbert-base-uncased-finetuned-sst-2-english,innovativeillusions/HuggingGPT,3398.3
text-classification,distilbert-base-uncased-finetuned-sst-2-english,snowc2023/simple-sentiment-analyzer,3.7
text-classification,distilbert-base-uncased-finetuned-sst-2-english,Bonosa2/SentimentAnalysis,2.7
text-classification,distilbert-base-uncased-finetuned-sst-2-english,yashaswini278/sentiment_analysis,2.7
text-classification,distilbert-base-uncased-finetuned-sst-2-english,saurshaz/HuggingGPT,3398.4
text-classification,distilbert-base-uncased-finetuned-sst-2-english,VeyVey/PredictIncome,3.4
text-classification,distilbert-base-uncased-finetuned-sst-2-english,vasevooo/NLP_project,675735.6
text-classification,distilbert-base-uncased-finetuned-sst-2-english,jignasha/Sentiment_Analysis,9.2
text-classification,distilbert-base-uncased-finetuned-sst-2-english,kefkefkefkef/imdb2,139400.9
text-classification,distilbert-base-uncased-finetuned-sst-2-english,Elliot-AIGC/Sentiment_classification_by_Elliot,2.2
text-classification,distilbert-base-uncased-finetuned-sst-2-english,ylavie/HuggingGPT3,3398.4
text-classification,distilbert-base-uncased-finetuned-sst-2-english,ylavie/HuggingGPT-Lite,4270.4
text-classification,distilbert-base-uncased-finetuned-sst-2-english,lokraj2/sequencer,2.5
text-classification,distilbert-base-uncased-finetuned-sst-2-english,Chris4K/chained,17.4
text-classification,distilbert-base-uncased-finetuned-sst-2-english,CCYAO/HuggingGPT,3398.4
text-classification,distilbert-base-uncased-finetuned-sst-2-english,SumanthKarnati/KnowTheText,5.3
text-classification,distilbert-base-uncased-finetuned-sst-2-english,mvasani/mysentimentapp,4.0
text-classification,distilbert-base-uncased-finetuned-sst-2-english,ivyblossom/sentiment-analysis,2.3
text-classification,distilbert-base-uncased-finetuned-sst-2-english,mvasani/trial_space,5.0
text-classification,distilbert-base-uncased-finetuned-sst-2-english,Krupa049/Milestone-2,680.7
text-classification,distilbert-base-uncased-finetuned-sst-2-english,Visgift/nyami,5.7
text-classification,distilbert-base-uncased-finetuned-sst-2-english,dcams/HuggingGPT,3398.4
text-classification,distilbert-base-uncased-finetuned-sst-2-english,Fouzia/Harvard-USPTO_Patentability-Score,3.4
text-classification,distilbert-base-uncased-finetuned-sst-2-english,coolkrishds/app_demo2,2.9
text-classification,distilbert-base-uncased-finetuned-sst-2-english,ahmedalrashedi/demo,2.5
text-classification,distilbert-base-uncased-finetuned-sst-2-english,cpereira/ai-marketplace,4005.8
text-classification,distilbert-base-uncased-finetuned-sst-2-english,cndavy/HuggingGPT,3398.4
text-classification,distilbert-base-uncased-finetuned-sst-2-english,nextgenai/myspace-1,2.6
text-classification,distilbert-base-uncased-finetuned-sst-2-english,gourib/llama_demo,6.0
text-classification,distilbert-base-uncased-finetuned-sst-2-english,iabualhaol/pdfchat,3.3
text-classification,distilbert-base-uncased-finetuned-sst-2-english,optimum/optimum-benchmark-ui,139.9
text-classification,distilbert-base-uncased-finetuned-sst-2-english,Pranjal12345/SentimentAnalysis,2.7
text-classification,distilbert-base-uncased-finetuned-sst-2-english,GroNLP/LM-Explanation-Demo,7566.5
text-classification,distilbert-base-uncased-finetuned-sst-2-english,Ankush05/Code8,7.1
text-classification,distilbert-base-uncased-finetuned-sst-2-english,kudoshinichi/hf-sentiment-models,2.5
text-classification,distilbert-base-uncased-finetuned-sst-2-english,TensorBoyML/Lucky,3.3
text-classification,distilbert-base-uncased-finetuned-sst-2-english,deniandriancode/simple-sentiment-analysis-pipeline,2.1
text-classification,distilbert-base-uncased-finetuned-sst-2-english,iabualhaol/test_sent,2.5
text-classification,distilbert-base-uncased-finetuned-sst-2-english,Bayhaqy/Classification-News-Analysis-and-Prediction,23.4
text-classification,distilbert-base-uncased-finetuned-sst-2-english,SSHAMZZ/Host_trial_1,16.3
text-classification,distilbert-base-uncased-finetuned-sst-2-english,pattawat/hh,2.3
text-classification,distilbert-base-uncased-finetuned-sst-2-english,640510702phithak/Text_Generator,2.3
text-classification,distilbert-base-uncased-finetuned-sst-2-english,640510702phithak/Sentiment-Analysis,2.3
text-classification,distilbert-base-uncased-finetuned-sst-2-english,ZackBradshaw/omni_bot,56894.2
text-classification,distilbert-base-uncased-finetuned-sst-2-english,atrifat/tt-ai,116.6
text-classification,distilbert-base-uncased-finetuned-sst-2-english,atrifat/hate-speech-test-api,5.7
text-classification,distilbert-base-uncased-finetuned-sst-2-english,pjeena/Customer-Insights,32.4
text-classification,distilbert-base-uncased-finetuned-sst-2-english,sujit2050/learning,2.2
text-classification,distilbert-base-uncased-finetuned-sst-2-english,scademy/distilbert-sentiment-analysis,6.1
text-classification,distilbert-base-uncased-finetuned-sst-2-english,mokshdudeja/FakeNewsClassifier_by_Moksh_and_pooja,274518.2
text-classification,distilbert-base-uncased-finetuned-sst-2-english,louisbrulenaudet/HuggingGPT,3402.8
text-classification,distilbert-base-uncased-finetuned-sst-2-english,argodevops/demo,4.7
text-classification,distilbert-base-uncased-finetuned-sst-2-english,Chris4K/sentiment-tool,3.9
text-classification,distilbert-base-uncased-finetuned-sst-2-english,Chris4K/sentiment-analysis-tool,3.9
text-classification,distilbert-base-uncased-finetuned-sst-2-english,asFrants/TextSummarization,264.7
text-classification,distilbert-base-uncased-finetuned-sst-2-english,paranitik/4,274518.1
text-classification,distilbert-base-uncased-finetuned-sst-2-english,sivamlwarehouse/test,2.9
text-classification,distilbert-base-uncased-finetuned-sst-2-english,Sankie005/Emotiondetectionapi,7.5
text-classification,distilbert-base-uncased-finetuned-sst-2-english,AsadullaH777/HuggingGPT,3402.8
text-classification,distilbert-base-uncased-finetuned-sst-2-english,pjsturtevant/TheStoic24Score,274544.9
text-classification,distilbert-base-uncased-finetuned-sst-2-english,Gopsrk/gradio-senti-analysis,2.3
text-classification,SamLowe/roberta-base-go_emotions,noelfranthomas/Cratic_test,6.0
text-classification,SamLowe/roberta-base-go_emotions,Pontonkid/Real-Time-Multilingual-sentiment-analysis,2085.5
text-classification,SamLowe/roberta-base-go_emotions,feierdun/SamLowe-roberta-base-go_emotions,1.9
text-classification,SamLowe/roberta-base-go_emotions,muneebashraf/Visual-Sentiment-Analyzer,3.5
text-classification,SamLowe/roberta-base-go_emotions,rbyat/Immortal-Beloved,2948.0
text-classification,SamLowe/roberta-base-go_emotions,exogenous/Real-Time-Multilingual-sentiment-analysis,2085.6
text-classification,SamLowe/roberta-base-go_emotions,yilin1344/my_first_space,2.1
text-classification,SamLowe/roberta-base-go_emotions,coffeebeans-ai/audio_sentiment_analysis,2090.5
text-classification,SamLowe/roberta-base-go_emotions,detian/SamLowe-roberta-base-go_emotions,1.9
text-classification,SamLowe/roberta-base-go_emotions,Subhanshu999999/movie-sentiment-analysis,70255.2
text-classification,SamLowe/roberta-base-go_emotions,TIXTPCOA/SamLowe-roberta-base-go_emotions,1.9
text-classification,SamLowe/roberta-base-go_emotions,Zigzagindia/electron_asr,2085.4
text-classification,SamLowe/roberta-base-go_emotions,LimKopi/Whisper-Audio-Analysis,52.7
text-classification,SamLowe/roberta-base-go_emotions,agkbv/SamLowe-roberta-base-go_emotions,1.9
text-classification,SamLowe/roberta-base-go_emotions,WeiHan123/Audio-Analysis,84.0
text-classification,SamLowe/roberta-base-go_emotions,djdipt/SIH-docker-backend,4.4
text-classification,SamLowe/roberta-base-go_emotions,mfernezir/SentimentAnalysis,2.4
text-classification,SamLowe/roberta-base-go_emotions,kaungmyat/SamLowe-roberta-base-go_emotions,1.9
text-classification,SamLowe/roberta-base-go_emotions,rayespinozah/project.audio.sentiment,10349.8
text-classification,SamLowe/roberta-base-go_emotions,Maryam-1/SamLowe-roberta-base-go_emotions,1.9
text-classification,SamLowe/roberta-base-go_emotions,thocky/LLMProjects,2.7
text-classification,SamLowe/roberta-base-go_emotions,coffeebeans-ai/AudioSentimentAnalysis,11.7
text-classification,SamLowe/roberta-base-go_emotions,Maryam-1/emotions_classification,1.8
text-classification,SamLowe/roberta-base-go_emotions,attaelahi/Emotion-Detection,3.8
text-classification,SamLowe/roberta-base-go_emotions,blobcurry/test1234,2.0
text-classification,SamLowe/roberta-base-go_emotions,Maryam-1/Project-1,3.3
text-classification,SamLowe/roberta-base-go_emotions,Vadala/SamLowe-roberta-base-go_emotions,1.8
text-classification,SamLowe/roberta-base-go_emotions,testDS/SamLowe-roberta-base-go_emotions,1.9
text-classification,SamLowe/roberta-base-go_emotions,DanyaalMajid/NLP-Q2,5.5
text-classification,SamLowe/roberta-base-go_emotions,GameReview/youtubegamereview,9.1
text-classification,SamLowe/roberta-base-go_emotions,EnisSen/Sentiment-Analysis-with-Whisper,5.3
text-classification,SamLowe/roberta-base-go_emotions,coffeebeans-ai/amplifon_demo,2088.4
text-classification,SamLowe/roberta-base-go_emotions,shrimantasatpati/streamlit_real_time_speech_emotion_recognition_bot,5.5
text-classification,SamLowe/roberta-base-go_emotions,EnisSen/Real-Time-Sentiment-Analysis,7.2
text-classification,SamLowe/roberta-base-go_emotions,kushalthandra/epics_final,2085.5
text-classification,SamLowe/roberta-base-go_emotions,kushalthandra/epicsfinal,2084.9
text-classification,SamLowe/roberta-base-go_emotions,xhgcc/SamLowe-roberta-base-go_emotions,1.8
text-classification,SamLowe/roberta-base-go_emotions,Pneptune/SamLowe-roberta-base-go_emotions,1.9
text-classification,SamLowe/roberta-base-go_emotions,Keetawan/RobertaEmojiSentimentAnalysis,510981.4
text-classification,SamLowe/roberta-base-go_emotions,bongaswonga/youtubegamereview,9.1
text-classification,SamLowe/roberta-base-go_emotions,GameReview/youtubegamereview2,9.1
text-classification,SamLowe/roberta-base-go_emotions,abhicodes/Cross-Modal-Sentiment-Analysis,42.4
text-classification,mrm8488/distilroberta-finetuned-financial-news-sentiment-analysis,Anthos23/hummus,2.5
text-classification,mrm8488/distilroberta-finetuned-financial-news-sentiment-analysis,sohomghosh/FLUEnT,2957013.4
text-classification,mrm8488/distilroberta-finetuned-financial-news-sentiment-analysis,slachitoff/CS-GY_6613_Project,3.8
text-classification,mrm8488/distilroberta-finetuned-financial-news-sentiment-analysis,saccharinedreams/sentiment-analysis-app,1873.7
text-classification,mrm8488/distilroberta-finetuned-financial-news-sentiment-analysis,Alejandrapulidoa/PriceScopev2,120.3
text-classification,mrm8488/distilroberta-finetuned-financial-news-sentiment-analysis,Alejandrapulidoa/finetuned-financial-news-sentiment-analysis,4.3
text-classification,mrm8488/distilroberta-finetuned-financial-news-sentiment-analysis,shekolla/finbert-financial-sentiment,8.9
text-classification,mrm8488/distilroberta-finetuned-financial-news-sentiment-analysis,ellyothim/first_shot_sentiment_analysis,3.7
text-classification,mrm8488/distilroberta-finetuned-financial-news-sentiment-analysis,ellyothim/First_shot_gradio_covid_sentiment_analysis,3.9
text-classification,mrm8488/distilroberta-finetuned-financial-news-sentiment-analysis,Jamal914/First_shot_gradio_covid_sentiment_analysis,4.0
text-classification,mrm8488/distilroberta-finetuned-financial-news-sentiment-analysis,nikoifirewall/First_shot_gradio_covid_sentiment_analysis,4.0
text-classification,mrm8488/distilroberta-finetuned-financial-news-sentiment-analysis,Mavrck307/mrm8488-distilroberta-finetuned-financial-news-sentiment-analysis,1.9
text-classification,mrm8488/distilroberta-finetuned-financial-news-sentiment-analysis,jboyerjr/mrm8488-distilroberta-finetuned-financial-news-sentiment-analysis,1.9
text-classification,mrm8488/distilroberta-finetuned-financial-news-sentiment-analysis,Ahmad-Moiz/classification-Sentiment,3.1
text-classification,mrm8488/distilroberta-finetuned-financial-news-sentiment-analysis,santoshNA/financial-news-sentiment-analysis,1.9
text-classification,mrm8488/distilroberta-finetuned-financial-news-sentiment-analysis,abhyast123/financebot,3.8
text-classification,mrm8488/distilroberta-finetuned-financial-news-sentiment-analysis,rakeshbl/learningAI_Gradio,3.1
text-classification,mrm8488/distilroberta-finetuned-financial-news-sentiment-analysis,Kajal17/AI_Voyagers,2.2
text-classification,mrm8488/distilroberta-finetuned-financial-news-sentiment-analysis,Kajal17/AI_Voyagers_2,2.2
text-classification,mrm8488/distilroberta-finetuned-financial-news-sentiment-analysis,khandelwalkishna15/FinSentimentAnalysis,3.5
text-classification,mrm8488/distilroberta-finetuned-financial-news-sentiment-analysis,vivekdhaiya/AI_Voyagers,2.7
text-classification,mrm8488/distilroberta-finetuned-financial-news-sentiment-analysis,Guri1996/RobertaFinancial,1.9
text-classification,mrm8488/distilroberta-finetuned-financial-news-sentiment-analysis,sienlonglim/sentiment_analysis,26.1
text-classification,mrm8488/distilroberta-finetuned-financial-news-sentiment-analysis,dismay/mrm8488-distilroberta-finetuned-financial-news-sentiment-analysis,1.9
text-classification,laiyer/deberta-v3-base-prompt-injection,laiyer/prompt-injection-benchmark,13.5
text-classification,laiyer/deberta-v3-base-prompt-injection,jakubz86/laiyer-deberta-v3-base-prompt-injection,1.9
text-classification,j-hartmann/emotion-english-distilroberta-base,j-hartmann/emotion-classification-from-csv,5.8
text-classification,j-hartmann/emotion-english-distilroberta-base,j-hartmann/emotion-similarity,5.1
text-classification,j-hartmann/emotion-english-distilroberta-base,jitesh/storytelling,1527.4
text-classification,j-hartmann/emotion-english-distilroberta-base,samueldomdey/Emotion,5.4
text-classification,j-hartmann/emotion-english-distilroberta-base,awacke1/CSV2ClassifyVisualization,12.4
text-classification,j-hartmann/emotion-english-distilroberta-base,awacke1/CSVSentiment,6.4
text-classification,j-hartmann/emotion-english-distilroberta-base,Suzana/text_basic_emotions,1.8
text-classification,j-hartmann/emotion-english-distilroberta-base,asingh6/patient-sentiment-analysis,3.8
text-classification,j-hartmann/emotion-english-distilroberta-base,Puree/Lab_10,2.3
text-classification,j-hartmann/emotion-english-distilroberta-base,Guynaris/Lab10_620510564,2.1
text-classification,j-hartmann/emotion-english-distilroberta-base,n4th/nlp-reviews,7918.3
text-classification,j-hartmann/emotion-english-distilroberta-base,Ozziey/emotion-classifier-from-string,2.2
text-classification,j-hartmann/emotion-english-distilroberta-base,lRoz/j-hartmann-emotion-english-distilroberta-base,1.8
text-classification,j-hartmann/emotion-english-distilroberta-base,elitecode/Detect_Emotions,1.9
text-classification,j-hartmann/emotion-english-distilroberta-base,CutieDev/j-hartmann-emotion-english-distilroberta-base,1.8
text-classification,j-hartmann/emotion-english-distilroberta-base,asdadaa/j-hartmann-emotion-english-distilroberta-base,1.8
text-classification,j-hartmann/emotion-english-distilroberta-base,leolinardi/j-hartmann-emotion-english-distilroberta-base,1.8
text-classification,j-hartmann/emotion-english-distilroberta-base,darthPanda/SentimentAnalysisTool,33.6
text-classification,j-hartmann/emotion-english-distilroberta-base,abrar-adnan/speech-analyzer,185867.4
text-classification,j-hartmann/emotion-english-distilroberta-base,kahvem/aisense,3.3
text-classification,j-hartmann/emotion-english-distilroberta-base,awacke1/HEDIS.Dash.Component.Top.Clinical.Terminology.Vocabulary,28.5
text-classification,j-hartmann/emotion-english-distilroberta-base,utkarsh95m/j-hartmann-emotion-english-distilroberta-base,1.8
text-classification,j-hartmann/emotion-english-distilroberta-base,ja-818/speech_and_text_emotion_recognition,2234.9
text-classification,j-hartmann/emotion-english-distilroberta-base,Pruthul/CS482-104-Milestone2,3.3
text-classification,j-hartmann/emotion-english-distilroberta-base,dk3156/sentiment_analysis_app,14.4
text-classification,j-hartmann/emotion-english-distilroberta-base,dbleek/cs-gy-6613-project,171.7
text-classification,j-hartmann/emotion-english-distilroberta-base,jlaf01/sentiment-analysis-app,21.3
text-classification,j-hartmann/emotion-english-distilroberta-base,poiiii/clefourrier-graphormer-base-pcqm4mv1,2.1
text-classification,j-hartmann/emotion-english-distilroberta-base,gshotwell/multi-query-sentiment,629.5
text-classification,j-hartmann/emotion-english-distilroberta-base,xingxing12/j-hartmann-emotion-english-distilroberta-base,1.9
text-classification,j-hartmann/emotion-english-distilroberta-base,whitphx/streamlit-multi-query-sentiment-analysis,3.0
text-classification,j-hartmann/emotion-english-distilroberta-base,dperales/ITACA_Insurance_Core_v4,250.4
text-classification,j-hartmann/emotion-english-distilroberta-base,JKJanosko/Toxicity-Analysis,481347.8
text-classification,j-hartmann/emotion-english-distilroberta-base,kya5/CS482-Milestone2,2.7
text-classification,j-hartmann/emotion-english-distilroberta-base,danielperales/ITACA_Insurace_NLP_v2,250.4
text-classification,j-hartmann/emotion-english-distilroberta-base,dbleek/cs-gy-6613-project-final,859210.9
text-classification,j-hartmann/emotion-english-distilroberta-base,Alesmikes/speech_and_text_emotion_recognition,2234.9
text-classification,j-hartmann/emotion-english-distilroberta-base,ShadowDominator/emotion-classification,2.7
text-classification,j-hartmann/emotion-english-distilroberta-base,ShadowDominator/sentiment-analysis,5.4
text-classification,j-hartmann/emotion-english-distilroberta-base,mohanchinnappan/senti,5.4
text-classification,j-hartmann/emotion-english-distilroberta-base,After-the-Dark/sentiment-analysis,5.4
text-classification,j-hartmann/emotion-english-distilroberta-base,devanshsrivastav/GoEmotions,276.5
text-classification,j-hartmann/emotion-english-distilroberta-base,SudhanshuBlaze/EmoDash,277.1
text-classification,j-hartmann/emotion-english-distilroberta-base,qnbhd/dp-dialogs-21,9557.5
text-classification,j-hartmann/emotion-english-distilroberta-base,devanshsrivastav/goemotions2,276.5
text-classification,j-hartmann/emotion-english-distilroberta-base,jpdiazpardo/jpdiazpardo-whisper-tiny-metal,71079.0
text-classification,j-hartmann/emotion-english-distilroberta-base,miscjose/Data-Annotation-Tool,9.4
text-classification,j-hartmann/emotion-english-distilroberta-base,YaraKyrychenko/BERTinsights,49.3
text-classification,j-hartmann/emotion-english-distilroberta-base,vijaypq/pythonquants.ai,3.5
text-classification,j-hartmann/emotion-english-distilroberta-base,vijaypq/speechrecognition_summary_sentiment_analysis,5.3
text-classification,j-hartmann/emotion-english-distilroberta-base,dawng88/sachacks2023,2.1
text-classification,j-hartmann/emotion-english-distilroberta-base,danysimas/emotfinder,6.1
text-classification,j-hartmann/emotion-english-distilroberta-base,arabooke/j-hartmann-emotion-english-distilroberta-base,1.9
text-classification,j-hartmann/emotion-english-distilroberta-base,dynamicmortal/outlines,4.1
text-classification,j-hartmann/emotion-english-distilroberta-base,dynamicmortal/model_testing,3.4
text-classification,nlptown/bert-base-multilingual-uncased-sentiment,utec/Manuel2002,1.6
text-classification,nlptown/bert-base-multilingual-uncased-sentiment,kennyhelsens/mlux-feedback-tally,6.6
text-classification,nlptown/bert-base-multilingual-uncased-sentiment,Wootang01/sentiment_analyzer_3,2.0
text-classification,nlptown/bert-base-multilingual-uncased-sentiment,EnzoBustos/IC-2022-Classificacao-de-Dados-Financeiros,653033.8
text-classification,nlptown/bert-base-multilingual-uncased-sentiment,CK42/sentiment-model-comparison,5.0
text-classification,nlptown/bert-base-multilingual-uncased-sentiment,snoopy731/Goodreads-Score,2.5
text-classification,nlptown/bert-base-multilingual-uncased-sentiment,AE-NV/sentiment-productreview,3.0
text-classification,nlptown/bert-base-multilingual-uncased-sentiment,nikhil567/book-recommend-review-system,2841.4
text-classification,nlptown/bert-base-multilingual-uncased-sentiment,awacke1/Daredevil-Text-Generation,4.7
text-classification,nlptown/bert-base-multilingual-uncased-sentiment,HamidBekam/Test_DeployingHFMs_Gradio,2.7
text-classification,nlptown/bert-base-multilingual-uncased-sentiment,junming-qiu/toxic-tweets-milestone-2,1484.4
text-classification,nlptown/bert-base-multilingual-uncased-sentiment,juliaannjose/SentimentAnalysis,2.8
text-classification,nlptown/bert-base-multilingual-uncased-sentiment,Samp007/Sentiment-analysis-app,2.9
text-classification,nlptown/bert-base-multilingual-uncased-sentiment,slachitoff/CS-GY_6613_Project,3.8
text-classification,nlptown/bert-base-multilingual-uncased-sentiment,corykhal/AI-project,5.3
text-classification,nlptown/bert-base-multilingual-uncased-sentiment,Sixty9/TA3,3.8
text-classification,nlptown/bert-base-multilingual-uncased-sentiment,Sixty9/TA4,3.8
text-classification,nlptown/bert-base-multilingual-uncased-sentiment,Sixty9/TA5,3.8
text-classification,nlptown/bert-base-multilingual-uncased-sentiment,Sixty9/TA6,4.0
text-classification,nlptown/bert-base-multilingual-uncased-sentiment,SamiAlghamdi/FirstEver,216.5
text-classification,nlptown/bert-base-multilingual-uncased-sentiment,ShadowDominator/feedback-sentiment-analysis,3.6
text-classification,nlptown/bert-base-multilingual-uncased-sentiment,ShadowDominator/sentiment-analysis,5.4
text-classification,nlptown/bert-base-multilingual-uncased-sentiment,mohanchinnappan/senti,5.4
text-classification,nlptown/bert-base-multilingual-uncased-sentiment,After-the-Dark/sentiment-analysis,5.4
text-classification,nlptown/bert-base-multilingual-uncased-sentiment,Matt-CB/TwitterAccountAnalyzer,163.1
text-classification,nlptown/bert-base-multilingual-uncased-sentiment,VeyVey/CovidSentiment,2.3
text-classification,nlptown/bert-base-multilingual-uncased-sentiment,VeyVey/Predict_Weather,3.2
text-classification,nlptown/bert-base-multilingual-uncased-sentiment,Sixty9/TA7,4.0
text-classification,nlptown/bert-base-multilingual-uncased-sentiment,Sixty9/Sixth_Sense,4.0
text-classification,nlptown/bert-base-multilingual-uncased-sentiment,patel18/sentiment_analysis,3.4
text-classification,nlptown/bert-base-multilingual-uncased-sentiment,santireyg/memeficador,2016.9
text-classification,nlptown/bert-base-multilingual-uncased-sentiment,Shweta0801/demo-app-text-sentiment-analysis,2.0
text-classification,nlptown/bert-base-multilingual-uncased-sentiment,joey1895/nlptown-bert-base-multilingual-uncased-sentiment,1.9
text-classification,nlptown/bert-base-multilingual-uncased-sentiment,Chris4K/chained,17.4
text-classification,nlptown/bert-base-multilingual-uncased-sentiment,BulatF/StreamlitSentiment,11.4
text-classification,nlptown/bert-base-multilingual-uncased-sentiment,kitakitune/spaces0703,2.2
text-classification,nlptown/bert-base-multilingual-uncased-sentiment,Krupa049/Milestone-2,680.7
text-classification,nlptown/bert-base-multilingual-uncased-sentiment,CosmoAI/CosmoS,8.9
text-classification,nlptown/bert-base-multilingual-uncased-sentiment,alexanderander30/nlptown-bert-base-multilingual-uncased-sentiment,1.9
text-classification,nlptown/bert-base-multilingual-uncased-sentiment,Sixty9/SixthSense,4.3
text-classification,nlptown/bert-base-multilingual-uncased-sentiment,Abdel/nlptown-bert-base-multilingual-uncased-sentiment,1.9
text-classification,nlptown/bert-base-multilingual-uncased-sentiment,GroNLP/LM-Explanation-Demo,7566.5
text-classification,nlptown/bert-base-multilingual-uncased-sentiment,Sudhanshu976/NLP_FULL_APP,3594.5
text-classification,nlptown/bert-base-multilingual-uncased-sentiment,TensorBoyML/Lucky-Pika,3.4
text-classification,nlptown/bert-base-multilingual-uncased-sentiment,Sowmya1022/nlptown-bert-base-multilingual-uncased-sentiment,1.9
text-classification,nlptown/bert-base-multilingual-uncased-sentiment,ans123/nlptown-bert-base-multilingual-uncased-sentiment,1.9
text-classification,nlptown/bert-base-multilingual-uncased-sentiment,LeireTedCas/QUIROHELP_WEB_v1,690802.8
text-classification,nlptown/bert-base-multilingual-uncased-sentiment,kmanoj/Sentiment_Analysis,6.5
text-classification,nlptown/bert-base-multilingual-uncased-sentiment,rohanvetale/sent1,6.5
text-classification,nlptown/bert-base-multilingual-uncased-sentiment,taimoor61/classification,2.7
text-classification,nlptown/bert-base-multilingual-uncased-sentiment,7jimmy/textclassificationbysharjeel,2.6
text-classification,nlptown/bert-base-multilingual-uncased-sentiment,7jimmy/textclassificationbyjiimy,2.9
text-classification,nlptown/bert-base-multilingual-uncased-sentiment,intelligentr/financeassistantbot,46083.4
text-classification,nlptown/bert-base-multilingual-uncased-sentiment,archiagrawal/FinancialSentimentAnalyzer,3.0
text-classification,nlptown/bert-base-multilingual-uncased-sentiment,wendywu/HomeX,5.4
text-classification,nlptown/bert-base-multilingual-uncased-sentiment,NguyenVietCuong/similarity-bert,228.7
text-classification,nlptown/bert-base-multilingual-uncased-sentiment,Chris4K/sentiment-tool,3.9
text-classification,nlptown/bert-base-multilingual-uncased-sentiment,Chris4K/sentiment-analysis-tool,3.9
text-classification,nlptown/bert-base-multilingual-uncased-sentiment,indkhan/YoutubeSentiment,4.4
text-classification,nlptown/bert-base-multilingual-uncased-sentiment,waldev/testapp,4.8
text-classification,cardiffnlp/twitter-roberta-base-sentiment,johnowhitaker/twitter_viz,5.9
text-classification,cardiffnlp/twitter-roberta-base-sentiment,Bedirhan/bitirme-proje,10.3
text-classification,cardiffnlp/twitter-roberta-base-sentiment,miesnerjacob/Multi-task-NLP,32.5
text-classification,cardiffnlp/twitter-roberta-base-sentiment,pouchedfox/SP,8.2
text-classification,cardiffnlp/twitter-roberta-base-sentiment,pouchedfox/Sen,9.6
text-classification,cardiffnlp/twitter-roberta-base-sentiment,Jayeshbhaal/news_filter_for_social_wellbeing,384.9
text-classification,cardiffnlp/twitter-roberta-base-sentiment,euvieeugenio/textclassification_demo_app,2.7
text-classification,cardiffnlp/twitter-roberta-base-sentiment,varunkuntal/twitter-roberta-base-sentiment,1.8
text-classification,cardiffnlp/twitter-roberta-base-sentiment,furquan/TwitterSentimentAnalysisRoberta,348.2
text-classification,cardiffnlp/twitter-roberta-base-sentiment,edusei/sentiment,13.8
text-classification,cardiffnlp/twitter-roberta-base-sentiment,Captainlongshort/TwitterSentiment,1.8
text-classification,cardiffnlp/twitter-roberta-base-sentiment,Mohit-321/WhatsappchatAnalyzer,21.2
text-classification,cardiffnlp/twitter-roberta-base-sentiment,kajalag/Whatsapp_Chat_Analyzer,21.2
text-classification,cardiffnlp/twitter-roberta-base-sentiment,ac8736/sentiment-analysis-app,94.9
text-classification,cardiffnlp/twitter-roberta-base-sentiment,MJ3128/CS-GY-6613-Project,271211.3
text-classification,cardiffnlp/twitter-roberta-base-sentiment,sethlxk/milestone2,3.3
text-classification,cardiffnlp/twitter-roberta-base-sentiment,sihanasaku/SentimentAnalysisApp,1.3
text-classification,cardiffnlp/twitter-roberta-base-sentiment,juliaannjose/SentimentAnalysis,2.8
text-classification,cardiffnlp/twitter-roberta-base-sentiment,Olivernyu/sentiment_analysis_app,9.2
text-classification,cardiffnlp/twitter-roberta-base-sentiment,EmirLise/sentiment_analysis,1.9
text-classification,cardiffnlp/twitter-roberta-base-sentiment,arianasutanto/milestone2,2.8
text-classification,cardiffnlp/twitter-roberta-base-sentiment,miknad2319/CS485-Milestone-2,26.3
text-classification,cardiffnlp/twitter-roberta-base-sentiment,andyqin18/sentiment-analysis-app,136545.1
text-classification,cardiffnlp/twitter-roberta-base-sentiment,dahongj/sentiment-analysis,84.7
text-classification,cardiffnlp/twitter-roberta-base-sentiment,slachitoff/CS-GY_6613_Project,3.8
text-classification,cardiffnlp/twitter-roberta-base-sentiment,Kev07/Toxic-Tweets,89.4
text-classification,cardiffnlp/twitter-roberta-base-sentiment,VarshithaCh/sentiment-analysis-app,2.6
text-classification,cardiffnlp/twitter-roberta-base-sentiment,jbraha/aiproject,450500.3
text-classification,cardiffnlp/twitter-roberta-base-sentiment,notbhu/toxic-tweets,460.3
text-classification,cardiffnlp/twitter-roberta-base-sentiment,simon-kurbiel/sen-analysis,2.1
text-classification,cardiffnlp/twitter-roberta-base-sentiment,simon-kurbiel/Sentiment-Analysis,3.1
text-classification,cardiffnlp/twitter-roberta-base-sentiment,Ptato/Sentiment-Analysis,61881.1
text-classification,cardiffnlp/twitter-roberta-base-sentiment,saccharinedreams/sentiment-analysis-app,1873.7
text-classification,cardiffnlp/twitter-roberta-base-sentiment,AaronBarbosa/twitter_sentiment,1645.1
text-classification,cardiffnlp/twitter-roberta-base-sentiment,xingxing12/cardiffnlp-twitter-roberta-base-sentiment,1.8
text-classification,cardiffnlp/twitter-roberta-base-sentiment,dperales/ITACA_Insurance_Core_v4,250.4
text-classification,cardiffnlp/twitter-roberta-base-sentiment,jeromechew15/milestone2,3.3
text-classification,cardiffnlp/twitter-roberta-base-sentiment,rk2546/csgy-6613-project-rk2546,94385.6
text-classification,cardiffnlp/twitter-roberta-base-sentiment,EmirLise/Toxic_Clasifier,6.1
text-classification,cardiffnlp/twitter-roberta-base-sentiment,JKJanosko/Toxicity-Analysis,481347.8
text-classification,cardiffnlp/twitter-roberta-base-sentiment,simon-kurbiel/tweet-toxicity,2.2
text-classification,cardiffnlp/twitter-roberta-base-sentiment,rbbotadra/toxicity-analyzer-app,514684.5
text-classification,cardiffnlp/twitter-roberta-base-sentiment,danielperales/ITACA_Insurace_NLP_v2,250.4
text-classification,cardiffnlp/twitter-roberta-base-sentiment,VarshithaCh/patentability,274677.1
text-classification,cardiffnlp/twitter-roberta-base-sentiment,HarshAI/Dual_Model_Sentiment_Analyzer,3.7
text-classification,cardiffnlp/twitter-roberta-base-sentiment,aus10powell/TwitterAccounts,3146156.3
text-classification,cardiffnlp/twitter-roberta-base-sentiment,SaraHossam/SentimentAnalysis,2.7
text-classification,cardiffnlp/twitter-roberta-base-sentiment,Mohit-321/Whatsapp_Chat_Analyzer,21.1
text-classification,cardiffnlp/twitter-roberta-base-sentiment,nassga/Toxic_tweets_analizer,3.0
text-classification,cardiffnlp/twitter-roberta-base-sentiment,k-varma/tweet-sentiment-analysis,3.1
text-classification,cardiffnlp/twitter-roberta-base-sentiment,HOLYBOY/Sentiment_Analysis_App,31.9
text-classification,cardiffnlp/twitter-roberta-base-sentiment,asungajinli/cardiffnlp-twitter-roberta-base-sentiment,1.9
text-classification,cardiffnlp/twitter-roberta-base-sentiment,lokesh6361/analysis,2.5
text-classification,cardiffnlp/twitter-roberta-base-sentiment,benmanks/Sentiment-app,3.7
text-classification,cardiffnlp/twitter-roberta-base-sentiment,jatinjaglan/wca,22.3
text-classification,cardiffnlp/twitter-roberta-base-sentiment,RosiSoyYo/AIIA,4.4
text-classification,cardiffnlp/twitter-roberta-base-sentiment,GameReview/youtubegamereview,9.1
text-classification,cardiffnlp/twitter-roberta-base-sentiment,adejumobi/ratingsapp,7091.5
text-classification,cardiffnlp/twitter-roberta-base-sentiment,cuteharrie/ratingsapp,4695.4
text-classification,cardiffnlp/twitter-roberta-base-sentiment,rk2546/csgy-6613-project-rk2546-backup,94386.1
text-classification,cardiffnlp/twitter-roberta-base-sentiment,bongaswonga/youtubegamereview,9.1
text-classification,cardiffnlp/twitter-roberta-base-sentiment,GameReview/youtubegamereview2,9.1
text-classification,ProsusAI/finbert,sbhatti2009/stock-analysis,9.4
text-classification,ProsusAI/finbert,sohomghosh/FinRead,619.3
text-classification,ProsusAI/finbert,vives/bert_cvent_top_k_sim,3017483.0
text-classification,ProsusAI/finbert,husnu/ASR_to_QA,57.3
text-classification,ProsusAI/finbert,EnzoBustos/IC-2022-Classificacao-de-Dados-Financeiros,653033.8
text-classification,ProsusAI/finbert,rajistics/interpet_transformers,56.9
text-classification,ProsusAI/finbert,IoannisTr/Tech_Stocks_Trading_Assistant,449493.9
text-classification,ProsusAI/finbert,Shredder/CONBERT,1572905.7
text-classification,ProsusAI/finbert,Shredder/Prototype,1572941.5
text-classification,ProsusAI/finbert,Shredder/CONBERT-2,1572905.4
text-classification,ProsusAI/finbert,Shredder/Sample,1572906.1
text-classification,ProsusAI/finbert,Shredder/CONBERT-3,1572905.4
text-classification,ProsusAI/finbert,ESG-TFM-UV/ESG_API_BATCH,272412.4
text-classification,ProsusAI/finbert,sohomghosh/FLUEnT,2957013.4
text-classification,ProsusAI/finbert,kandy/Lab_stat,2.1
text-classification,ProsusAI/finbert,wiraindrak/financial-sentiment-classification-indonesia,6.7
text-classification,ProsusAI/finbert,amgross01/Stocks_Trading_Assistant,449493.9
text-classification,ProsusAI/finbert,wuwu1/ProsusAI-finbert,1.7
text-classification,ProsusAI/finbert,darthPanda/SentimentAnalysisTool,33.6
text-classification,ProsusAI/finbert,ateliershen/ProsusAI-finbert,1.8
text-classification,ProsusAI/finbert,Swindu/ProsusAI-finbert,1.8
text-classification,ProsusAI/finbert,kelvinleong/Kt-Demo-Text_classifier-2,2.4
text-classification,ProsusAI/finbert,darthPanda/Social_media_sentiment_tracker,206.1
text-classification,ProsusAI/finbert,awacke1/HEDIS.Dash.Component.Top.Clinical.Terminology.Vocabulary,28.5
text-classification,ProsusAI/finbert,ac8736/sentiment-analysis-app,94.9
text-classification,ProsusAI/finbert,miknad2319/CS485-Milestone-2,26.3
text-classification,ProsusAI/finbert,Pruthul/CS482-104-Milestone2,3.3
text-classification,ProsusAI/finbert,slachitoff/CS-GY_6613_Project,3.8
text-classification,ProsusAI/finbert,huangtianba/ProsusAI-finbert,1.8
text-classification,ProsusAI/finbert,JKJanosko/Toxicity-Analysis,481347.8
text-classification,ProsusAI/finbert,2gauravc/ProsusAI-finbert,1.8
text-classification,ProsusAI/finbert,kya5/CS482-Milestone2,2.7
text-classification,ProsusAI/finbert,Ntabukiraniro/Finance,2441.5
text-classification,ProsusAI/finbert,talaa/Financial-sentiment-news-analysis,16.4
text-classification,ProsusAI/finbert,sohomghosh/FinLanSer_Financial_Language_Simplifier,1384129.8
text-classification,ProsusAI/finbert,daramaccoille/ProsusAI-finbert,1.8
text-classification,ProsusAI/finbert,teragron/ekmek,5.1
text-classification,ProsusAI/finbert,Himanshusingh/sec_sentiment_analysis,66.5
text-classification,ProsusAI/finbert,manvik28/SEC_Sentiment_Analysis,13.7
text-classification,ProsusAI/finbert,asungajinli/ProsusAI-finbert,1.8
text-classification,ProsusAI/finbert,TrungTech/Financial_Sentiment_Analysis_with_BERT,1384129.8
text-classification,ProsusAI/finbert,TrungTech/finBert,15.2
text-classification,ProsusAI/finbert,kp03/finBert,15.8
text-classification,ProsusAI/finbert,kudoshinichi/hf-sentiment-models,2.5
text-classification,ProsusAI/finbert,davissong01/financial-sentiment-analysis,2.4
text-classification,ProsusAI/finbert,mixcard/text-finbert,1.8
text-classification,ProsusAI/finbert,justlookup/ProsusAI-finbert,1.8
text-classification,ProsusAI/finbert,alexpaul/ProsusAI-finbert,1.8
text-classification,ProsusAI/finbert,JaCrispy35/financial_sentiment_analysis_advisor,5.3
text-classification,ProsusAI/finbert,Prashanthms/aipirate-fin-bot,17.1
text-classification,ProsusAI/finbert,Khushter/my_finance_app,3.6
text-classification,ProsusAI/finbert,doru-beniamin/Fin_Sent_An,2.7
text-classification,ProsusAI/finbert,sagarjana94/aibattleground,129.6
text-classification,ProsusAI/finbert,kumar9/flaskapp,4.8
text-classification,ProsusAI/finbert,atishayj281/futurefabricators,4.1
text-classification,ProsusAI/finbert,Learto/Financial_Sentiment_Analyzer,3.8
text-classification,ProsusAI/finbert,Saritad/Maverick-finbert,1.8
text-classification,ProsusAI/finbert,jdelgado2002/ProsusAI-finbert,1.8
text-classification,ProsusAI/finbert,RobertCastagna/Fin_Research,50.7
text-classification,ProsusAI/finbert,MISTP/flaskapp,11.5
text-classification,padmajabfrl/Gender-Classification,GroNLP/LM-Explanation-Demo,7566.5
text-classification,cross-encoder/ms-marco-MiniLM-L-4-v2,theachyuttiwari/lfqa1,296.6
text-classification,cross-encoder/ms-marco-MiniLM-L-4-v2,Rschmaelzle/wikipedia-assistant,1179.4
text-classification,cross-encoder/ms-marco-MiniLM-L-4-v2,king007/wikipedia-assistant,1179.7
text-classification,cross-encoder/ms-marco-MiniLM-L-6-v2,khoj/NSE,309969.0
text-classification,cross-encoder/ms-marco-MiniLM-L-6-v2,Sammy03/neuralserach,309968.8
text-classification,cross-encoder/ms-marco-MiniLM-L-6-v2,abhibisht89/neural-search-engine,309969.1
text-classification,cross-encoder/ms-marco-MiniLM-L-6-v2,algomuffin/neural-search-engine,309968.8
text-classification,cross-encoder/ms-marco-MiniLM-L-6-v2,theachyuttiwari/lfqa1,296.6
text-classification,cross-encoder/ms-marco-MiniLM-L-6-v2,rajistics/Ask-Wiki,309968.4
text-classification,cross-encoder/ms-marco-MiniLM-L-6-v2,Jai12345/Search_Engine,309968.5
text-classification,cross-encoder/ms-marco-MiniLM-L-6-v2,Jai12345/SearchEngine,309968.3
text-classification,cross-encoder/ms-marco-MiniLM-L-6-v2,NealCaren/paragraphs,562.4
text-classification,cross-encoder/ms-marco-MiniLM-L-6-v2,NealCaren/ASA2022,6.3
text-classification,cross-encoder/ms-marco-MiniLM-L-6-v2,domenicrosati/scite-qa-demo,18.7
text-classification,cross-encoder/ms-marco-MiniLM-L-6-v2,shripadbhat/Clinical_Note_Question_Answering,21.8
text-classification,cross-encoder/ms-marco-MiniLM-L-6-v2,diagaiwei/ir_chinese_medqa,1557377.8
text-classification,cross-encoder/ms-marco-MiniLM-L-6-v2,hamza50/hotelfinder,33127.8
text-classification,cross-encoder/ms-marco-MiniLM-L-6-v2,hamza50/parishotel,33127.8
text-classification,cross-encoder/ms-marco-MiniLM-L-6-v2,hamza50/gradiotest,31237.0
text-classification,cross-encoder/ms-marco-MiniLM-L-6-v2,shripadbhat/Document_Question_Answering,24.9
text-classification,cross-encoder/ms-marco-MiniLM-L-6-v2,shripadbhat/Question_Answering_Document,5.1
text-classification,cross-encoder/ms-marco-MiniLM-L-6-v2,Sybghat/question-answer,5.7
text-classification,cross-encoder/ms-marco-MiniLM-L-6-v2,profoz/index_demo,488.7
text-classification,cross-encoder/ms-marco-MiniLM-L-6-v2,Rschmaelzle/wikipedia-assistant,1179.4
text-classification,cross-encoder/ms-marco-MiniLM-L-6-v2,obss/question-answering-demo,72094.0
text-classification,cross-encoder/ms-marco-MiniLM-L-6-v2,AkashKhamkar/Job_Search_Engine,115377.0
text-classification,cross-encoder/ms-marco-MiniLM-L-6-v2,gfhayworth/wiki_chat,5.2
text-classification,cross-encoder/ms-marco-MiniLM-L-6-v2,gfhayworth/hack_qa,7.1
text-classification,cross-encoder/ms-marco-MiniLM-L-6-v2,sritang/test2,19264.3
text-classification,cross-encoder/ms-marco-MiniLM-L-6-v2,namoopsoo/text-audio-video,17159.7
text-classification,cross-encoder/ms-marco-MiniLM-L-6-v2,namoopsoo/text-audio-video-policies,17547.1
text-classification,cross-encoder/ms-marco-MiniLM-L-6-v2,sritang/hack_qa2,15846.3
text-classification,cross-encoder/ms-marco-MiniLM-L-6-v2,namoopsoo/text-audio-video-policies-t4,17183.5
text-classification,cross-encoder/ms-marco-MiniLM-L-6-v2,gfhayworth/chat_qa_demo,1708.1
text-classification,cross-encoder/ms-marco-MiniLM-L-6-v2,NealCaren/smhunt,562.3
text-classification,cross-encoder/ms-marco-MiniLM-L-6-v2,gfhayworth/chat_qa_demo2,8657.3
text-classification,cross-encoder/ms-marco-MiniLM-L-6-v2,NealCaren/absoc,562.3
text-classification,cross-encoder/ms-marco-MiniLM-L-6-v2,HarryLee/QueryExpansion,467279.7
text-classification,cross-encoder/ms-marco-MiniLM-L-6-v2,Sabareeshr/searchbar,309970.5
text-classification,cross-encoder/ms-marco-MiniLM-L-6-v2,HarryLee/QueryExpansionForEtsy,534843.7
text-classification,cross-encoder/ms-marco-MiniLM-L-6-v2,Sabareeshr/neural-search-engine,309968.9
text-classification,cross-encoder/ms-marco-MiniLM-L-6-v2,Sabareeshr/neural-search-enginen,309968.9
text-classification,cross-encoder/ms-marco-MiniLM-L-6-v2,gfhayworth/hopt,197.3
text-classification,cross-encoder/ms-marco-MiniLM-L-6-v2,gfhayworth/sales_qa,11103.7
text-classification,cross-encoder/ms-marco-MiniLM-L-6-v2,gfhayworth/sales_qa2,20210.7
text-classification,cross-encoder/ms-marco-MiniLM-L-6-v2,fizban/simiandb,3848297.6
text-classification,cross-encoder/ms-marco-MiniLM-L-6-v2,king007/wikipedia-assistant,1179.7
text-classification,cross-encoder/ms-marco-MiniLM-L-6-v2,jacinthes/PubMed-fact-checker,15.3
text-classification,cross-encoder/ms-marco-MiniLM-L-6-v2,bwconrad/manga-semantic-search,4984.1
text-classification,cross-encoder/ms-marco-MiniLM-L-6-v2,yinlinfu/QueryExpansionForEtsy,6501229.4
text-classification,cross-encoder/ms-marco-MiniLM-L-6-v2,AdaptiveStoryfinder/FastAdaptiveSf,5010420.2
text-classification,cross-encoder/ms-marco-MiniLM-L-6-v2,Jackie2235/QueryExpansionForEtsy,468433.3
text-classification,cross-encoder/ms-marco-MiniLM-L-6-v2,Corran/Scrapalot-Search-Demo,12.0
text-classification,cross-encoder/ms-marco-MiniLM-L-6-v2,rishikesh/search_offers,1377.5
text-classification,cross-encoder/ms-marco-MiniLM-L-6-v2,NealCaren/sm_hunt,8.2
text-classification,cross-encoder/ms-marco-MiniLM-L-6-v2,shriadke/FetchSearch,17261.2
text-classification,cross-encoder/ms-marco-MiniLM-L-6-v2,legacy107/flan-t5-large-ia3-covidqa,9.4
text-classification,cross-encoder/ms-marco-MiniLM-L-6-v2,sukantan/wizardlwy,10.4
text-classification,cross-encoder/ms-marco-MiniLM-L-6-v2,minh21/finetune-flan-t5-large-ia3-covidqa,9.2
text-classification,cross-encoder/ms-marco-MiniLM-L-6-v2,legacy107/flan-t5-large-ia3-newsqa,6.5
text-classification,cross-encoder/ms-marco-MiniLM-L-6-v2,AlexKagan/RAG_cross_encoder,8780.9
text-classification,cross-encoder/ms-marco-MiniLM-L-6-v2,AlexKagan/RAG_sample_more_documents,7721.1
text-classification,cross-encoder/ms-marco-MiniLM-L-6-v2,nlatuha/rag_project,71729.2
text-classification,cross-encoder/ms-marco-MiniLM-L-6-v2,katyaniki/RAG-project-new,5395.3
text-classification,cross-encoder/ms-marco-MiniLM-L-6-v2,JPBianchi/vectorsearch,32082.0
text-classification,cross-encoder/ms-marco-MiniLM-L-6-v2,pragneshbarik/ebook-gen,29.1
text-classification,cross-encoder/ms-marco-MiniLM-L-6-v2,nnngoc/chatbot_bk1,629.0
text-classification,cross-encoder/ms-marco-MiniLM-L-6-v2,nnngoc1/chatbot_bk2,627.9
text-classification,cross-encoder/ms-marco-MiniLM-L-6-v2,nnngoc/chatbot_bk,628.0
text-classification,cross-encoder/ms-marco-MiniLM-L-6-v2,hcmut-ai/chatbot_bk,628.0
text-classification,cross-encoder/ms-marco-MiniLM-L-6-v2,pragneshbarik/mixtral-search,28.1
text-classification,cardiffnlp/twitter-xlm-roberta-base-sentiment,g8a9/ferret,132.2
text-classification,cardiffnlp/twitter-xlm-roberta-base-sentiment,kyled/PhraseSentimentEmotionAnalysis,3.0
text-classification,cardiffnlp/twitter-xlm-roberta-base-sentiment,Sudheer/Pandavas3.0,36.4
text-classification,cardiffnlp/twitter-xlm-roberta-base-sentiment,imperialwool/funapi,83.6
text-classification,cardiffnlp/twitter-xlm-roberta-base-sentiment,msalazark/cardiffnlp-twitter-xlm-roberta-base-sentiment,1.8
text-classification,cardiffnlp/twitter-xlm-roberta-base-sentiment,junming-qiu/toxic-tweets-milestone-2,1484.4
text-classification,cardiffnlp/twitter-xlm-roberta-base-sentiment,magnolia-psychometrics/item-desirability-demo,588.0
text-classification,cardiffnlp/twitter-xlm-roberta-base-sentiment,Pruthul/CS482-104-Milestone2,3.3
text-classification,cardiffnlp/twitter-xlm-roberta-base-sentiment,Ariel8/sentiment-analysis,2.7
text-classification,cardiffnlp/twitter-xlm-roberta-base-sentiment,sm2899/sentiment-analysis,2.4
text-classification,cardiffnlp/twitter-xlm-roberta-base-sentiment,thotranexe/milestone2,2.1
text-classification,cardiffnlp/twitter-xlm-roberta-base-sentiment,Ariel8/Toxic-Tweets,37.9
text-classification,cardiffnlp/twitter-xlm-roberta-base-sentiment,kya5/CS482-Milestone2,2.7
text-classification,cardiffnlp/twitter-xlm-roberta-base-sentiment,zox47/cardiffnlp-twitter-xlm-roberta-base-sentiment,1.8
text-classification,cardiffnlp/twitter-xlm-roberta-base-sentiment,unaiolaizola/analisis_metacognitivo,696.1
text-classification,cardiffnlp/twitter-xlm-roberta-base-sentiment,psycen/cardiffnlp-twitter-xlm-roberta-base-sentiment,1.8
text-classification,cardiffnlp/twitter-xlm-roberta-base-sentiment,834188divi/cardiffnlp-twitter-xlm-roberta-base-sentiment,1.9
text-classification,cardiffnlp/twitter-xlm-roberta-base-sentiment,holistic-ai/emotion-recognition,3.9
text-classification,cardiffnlp/twitter-roberta-base-sentiment,kenlomax/hackaithon101,2.3
text-classification,mrm8488/distilroberta-finetuned-financial-news-sentiment-analysis,anandhere/mrm8488-distilroberta-finetuned-financial-news-sentiment-analysis,1.9
text-classification,cross-encoder/ms-marco-MiniLM-L-6-v2,Abdul-Ib/Full-text-Search,376126.3
text-classification,cross-encoder/ms-marco-TinyBERT-L-2-v2,abokbot/wikipedia-search-engine,5.4
text-classification,cross-encoder/ms-marco-TinyBERT-L-2-v2,rasmus1610/carotis_chatbot,10973.6
text-classification,cross-encoder/ms-marco-TinyBERT-L-2-v2,akazakov/rag-gradio-sample-project,29004.0
text-classification,cross-encoder/ms-marco-TinyBERT-L-2-v2,MikhailGolt/gradio_attempt_3,9409.9
text-classification,cross-encoder/ms-marco-TinyBERT-L-2-v2,akazakov/rag2,49.3
text-classification,cross-encoder/ms-marco-TinyBERT-L-2-v2,bhulston/USC-GPT,14.2
text-classification,cross-encoder/ms-marco-TinyBERT-L-2-v2,USC/USC-GPT,14.5
text-classification,CAMeL-Lab/bert-base-arabic-camelbert-da-sentiment,AwsSmadi/CAMeL-Lab-bert-base-arabic-camelbert-da-sentiment,1.8
text-classification,CAMeL-Lab/bert-base-arabic-camelbert-da-sentiment,NatsuFlow/CAMeL-Lab-bert-base-arabic-camelbert-da-sentiment,1.9
